{
  "image_size": [
    1920,
    1080
  ],
  "rms_reprojection_error": 1.21318467445556,
  "mean_reprojection_error": 1.07808970162788,
  "camera_matrix": [
    [
      618.7123621745575,
      0.0,
      907.6585026883331
    ],
    [
      0.0,
      617.5924868007079,
      555.3777761069663
    ],
    [
      0.0,
      0.0,
      1.0
    ]
  ],
  "dist_coeffs": [
    2.188036008646017,
    0.8252247414119365,
    0.0001429391554254227,
    -6.540836179691801e-05,
    0.02185112640727355,
    2.5293059579326336,
    1.505139864474656,
    0.1504723862961194,
    0.0,
    0.0,
    0.0,
    0.0,
    0.0,
    0.0
  ],
  "used_images": [
    "calib_images/calib0000.jpg",
    "calib_images/calib0001.jpg",
    "calib_images/calib0002.jpg",
    "calib_images/calib0003.jpg",
    "calib_images/calib0004.jpg",
    "calib_images/calib0005.jpg",
    "calib_images/calib0006.jpg",
    "calib_images/calib0007.jpg",
    "calib_images/calib0008.jpg",
    "calib_images/calib0009.jpg",
    "calib_images/calib0010.jpg",
    "calib_images/calib0011.jpg",
    "calib_images/calib0012.jpg",
    "calib_images/calib0013.jpg",
    "calib_images/calib0014.jpg",
    "calib_images/calib0015.jpg"
  ],
  "per_image_errors": {
    "calib0000.jpg": 0.820055,
    "calib0001.jpg": 0.630939,
    "calib0002.jpg": 0.585396,
    "calib0003.jpg": 0.780416,
    "calib0004.jpg": 1.577812,
    "calib0005.jpg": 0.85598,
    "calib0006.jpg": 1.140931,
    "calib0007.jpg": 0.746433,
    "calib0008.jpg": 0.799892,
    "calib0009.jpg": 0.656832,
    "calib0010.jpg": 1.10762,
    "calib0011.jpg": 1.159126,
    "calib0012.jpg": 1.738162,
    "calib0013.jpg": 1.779414,
    "calib0014.jpg": 1.077612,
    "calib0015.jpg": 1.792814
  }
}